film_id,actor_id,first_name,last_name
286,30,SANDRA,PECK
467,73,GARY,PENN
166,129,DARYL,CRAWFORD
646,79,MAE,HOFFMAN
971,60,HENRY,BERRY
306,58,CHRISTIAN,AKROYD
606,107,GINA,DEGENERES
67,7,GRACE,MOSTEL
43,34,AUDREY,OLIVIER
928,101,SUSAN,DAVIS
956,36,BURT,DUKAKIS
871,25,KEVIN,BLOOM
758,16,FRED,COSTNER
248,159,LAURA,BRODY
33,82,WOODY,JOLIE
658,195,JAYNE,SILVERSTONE
135,83,BEN,WILLIS
312,97,MEG,HAWKE
568,101,SUSAN,DAVIS
188,112,RUSSELL,BACALL
394,119,WARREN,JACKMAN
857,173,ALAN,DREYFUSS
680,45,REESE,KILMER
344,159,LAURA,BRODY
593,156,FAY,WOOD
211,62,JAYNE,NEESON
170,151,GEOFFREY,HESTON
256,24,CAMERON,STREEP
6,62,JAYNE,NEESON
324,182,DEBBIE,AKROYD
463,179,ED,GUINESS
856,93,ELLEN,PRESLEY
413,134,GENE,HOPKINS
547,38,TOM,MCKELLEN
218,7,GRACE,MOSTEL
322,44,NICK,STALLONE
389,34,AUDREY,OLIVIER
349,156,FAY,WOOD
802,176,JON,CHASE
14,85,MINNIE,ZELLWEGER
396,69,KENNETH,PALTROW
376,138,LUCILLE,DEE
836,74,MILLA,KEITEL
407,155,IAN,TANDY
843,198,MARY,KEITEL
155,145,KIM,ALLEN
636,99,JIM,MOSTEL
699,44,NICK,STALLONE
494,145,KIM,ALLEN
547,29,ALEC,WAYNE
473,93,ELLEN,PRESLEY
247,83,BEN,WILLIS
529,172,GROUCHO,WILLIAMS
570,119,WARREN,JACKMAN
112,140,WHOOPI,HURT
249,83,BEN,WILLIS
477,10,CHRISTIAN,GABLE
962,129,DARYL,CRAWFORD
871,66,MARY,TANDY
889,92,KIRSTEN,AKROYD
141,195,JAYNE,SILVERSTONE
605,139,EWAN,GOODING
571,5,JOHNNY,LOLLOBRIGIDA
944,100,SPENCER,DEPP
162,13,UMA,WOOD
44,74,MILLA,KEITEL
99,144,ANGELA,WITHERSPOON
87,119,WARREN,JACKMAN
494,40,JOHNNY,CAGE
478,17,HELEN,VOIGHT
707,117,RENEE,TRACY
282,139,EWAN,GOODING
388,52,CARMEN,HUNT
127,159,LAURA,BRODY
25,1,PENELOPE,GUINESS
706,87,SPENCER,PECK
681,164,HUMPHREY,WILLIS
697,66,MARY,TANDY
396,40,JOHNNY,CAGE
976,89,CHARLIZE,DENCH
27,55,FAY,KILMER
335,38,TOM,MCKELLEN
47,2,NICK,WAHLBERG
933,40,JOHNNY,CAGE
249,86,GREG,CHAPLIN
204,37,VAL,BOLGER
635,26,RIP,CRAWFORD
15,117,RENEE,TRACY
932,42,TOM,MIRANDA
123,102,WALTER,TORN
772,148,EMILY,DEE
29,122,SALMA,NOLTE
146,188,ROCK,DUKAKIS
577,65,ANGELA,HUDSON
912,128,CATE,MCQUEEN
370,140,WHOOPI,HURT
423,172,GROUCHO,WILLIAMS
290,85,MINNIE,ZELLWEGER
882,189,CUBA,BIRCH
182,19,BOB,FAWCETT
685,3,ED,CHASE
469,49,ANNE,CRONYN
673,19,BOB,FAWCETT
338,92,KIRSTEN,AKROYD
136,104,PENELOPE,CRONYN
544,41,JODIE,DEGENERES
769,56,DAN,HARRIS
938,65,ANGELA,HUDSON
780,61,CHRISTIAN,NEESON
125,144,ANGELA,WITHERSPOON
40,79,MAE,HOFFMAN
761,149,RUSSELL,TEMPLE
889,27,JULIA,MCQUEEN
9,194,MERYL,ALLEN
579,81,SCARLETT,DAMON
959,190,AUDREY,BAILEY
72,85,MINNIE,ZELLWEGER
870,75,BURT,POSEY
1,188,ROCK,DUKAKIS
462,56,DAN,HARRIS
794,167,LAURENCE,BULLOCK
515,131,JANE,JACKMAN
564,137,MORGAN,WILLIAMS
824,158,VIVIEN,BASINGER
92,12,KARL,BERRY
961,114,MORGAN,MCDORMAND
103,89,CHARLIZE,DENCH
608,101,SUSAN,DAVIS
733,108,WARREN,NOLTE
51,188,ROCK,DUKAKIS
785,124,SCARLETT,BENING
705,38,TOM,MCKELLEN
447,53,MENA,TEMPLE
829,46,PARKER,GOLDBERG
865,112,RUSSELL,BACALL
492,184,HUMPHREY,GARLAND
452,130,GRETA,KEITEL
710,117,RENEE,TRACY
592,119,WARREN,JACKMAN
858,90,SEAN,GUINESS
136,118,CUBA,ALLEN
628,189,CUBA,BIRCH
782,119,WARREN,JACKMAN
303,196,BELA,WALKEN
590,36,BURT,DUKAKIS
45,163,CHRISTOPHER,WEST
470,92,KIRSTEN,AKROYD
296,191,GREGORY,GOODING
237,177,GENE,MCKELLEN
639,61,CHRISTIAN,NEESON
902,44,NICK,STALLONE
530,123,JULIANNE,DENCH
453,11,ZERO,CAGE
292,69,KENNETH,PALTROW
271,16,FRED,COSTNER
355,4,JENNIFER,DAVIS
639,103,MATTHEW,LEIGH
139,170,MENA,HOPPER
161,121,LIZA,BERGMAN
923,145,KIM,ALLEN
943,59,DUSTIN,TAUTOU
510,19,BOB,FAWCETT
889,9,JOE,SWANK
306,33,MILLA,PECK
953,70,MICHELLE,MCCONAUGHEY
17,82,WOODY,JOLIE
676,66,MARY,TANDY
386,134,GENE,HOPKINS
868,133,RICHARD,PENN
301,182,DEBBIE,AKROYD
436,92,KIRSTEN,AKROYD
25,187,RENEE,BALL
879,138,LUCILLE,DEE
597,184,HUMPHREY,GARLAND
958,2,NICK,WAHLBERG
525,130,GRETA,KEITEL
827,55,FAY,KILMER
366,127,KEVIN,GARLAND
574,157,GRETA,MALDEN
781,76,ANGELINA,ASTAIRE
649,172,GROUCHO,WILLIAMS
553,92,KIRSTEN,AKROYD
455,160,CHRIS,DEPP
929,92,KIRSTEN,AKROYD
124,102,WALTER,TORN
722,120,PENELOPE,MONROE
540,12,KARL,BERRY
875,36,BURT,DUKAKIS
464,76,ANGELINA,ASTAIRE
176,44,NICK,STALLONE
146,31,SISSY,SOBIESKI
56,137,MORGAN,WILLIAMS
700,112,RUSSELL,BACALL
231,36,BURT,DUKAKIS
636,54,PENELOPE,PINKETT
115,8,MATTHEW,JOHANSSON
96,28,WOODY,HOFFMAN
266,89,CHARLIZE,DENCH
646,64,RAY,JOHANSSON
343,80,RALPH,CRUZ
966,10,CHRISTIAN,GABLE
489,33,MILLA,PECK
208,168,WILL,WILSON
744,111,CAMERON,ZELLWEGER
109,44,NICK,STALLONE
480,3,ED,CHASE
759,14,VIVIEN,BERGEN
274,20,LUCILLE,TRACY
439,106,GROUCHO,DUNST
406,89,CHARLIZE,DENCH
635,1,PENELOPE,GUINESS
948,165,AL,GARLAND
954,160,CHRIS,DEPP
457,62,JAYNE,NEESON
802,159,LAURA,BRODY
883,18,DAN,TORN
893,21,KIRSTEN,PALTROW
80,16,FRED,COSTNER
552,50,NATALIE,HOPKINS
524,13,UMA,WOOD
652,108,WARREN,NOLTE
494,101,SUSAN,DAVIS
309,42,TOM,MIRANDA
72,98,CHRIS,BRIDGES
135,33,MILLA,PECK
103,92,KIRSTEN,AKROYD
40,77,CARY,MCCONAUGHEY
620,122,SALMA,NOLTE
360,103,MATTHEW,LEIGH
880,90,SEAN,GUINESS
374,190,AUDREY,BAILEY
966,115,HARRISON,BALE
558,105,SIDNEY,CROWE
245,115,HARRISON,BALE
219,134,GENE,HOPKINS
944,63,CAMERON,WRAY
349,169,KENNETH,HOFFMAN
491,84,JAMES,PITT
208,19,BOB,FAWCETT
87,56,DAN,HARRIS
190,109,SYLVESTER,DERN
311,29,ALEC,WAYNE
841,168,WILL,WILSON
121,51,GARY,PHOENIX
941,91,CHRISTOPHER,BERRY
588,161,HARVEY,HOPE
550,72,SEAN,WILLIAMS
35,139,EWAN,GOODING
813,195,JAYNE,SILVERSTONE
217,83,BEN,WILLIS
847,14,VIVIEN,BERGEN
806,136,ED,MANSFIELD
436,131,JANE,JACKMAN
699,92,KIRSTEN,AKROYD
29,6,BETTE,NICHOLSON
662,101,SUSAN,DAVIS
336,184,HUMPHREY,GARLAND
21,119,WARREN,JACKMAN
475,152,BEN,HARRIS
807,168,WILL,WILSON
998,169,KENNETH,HOFFMAN
554,185,MICHAEL,BOLGER
255,14,VIVIEN,BERGEN
336,34,AUDREY,OLIVIER
600,104,PENELOPE,CRONYN
650,128,CATE,MCQUEEN
990,62,JAYNE,NEESON
420,181,MATTHEW,CARREY
650,5,JOHNNY,LOLLOBRIGIDA
285,53,MENA,TEMPLE
500,184,HUMPHREY,GARLAND
379,173,ALAN,DREYFUSS
957,85,MINNIE,ZELLWEGER
561,2,NICK,WAHLBERG
606,112,RUSSELL,BACALL
947,163,CHRISTOPHER,WEST
578,192,JOHN,SUVARI
258,14,VIVIEN,BERGEN
250,99,JIM,MOSTEL
326,15,CUBA,OLIVIER
74,9,JOE,SWANK
647,131,JANE,JACKMAN
453,36,BURT,DUKAKIS
512,99,JIM,MOSTEL
993,136,ED,MANSFIELD
135,144,ANGELA,WITHERSPOON
266,189,CUBA,BIRCH
846,100,SPENCER,DEPP
602,88,KENNETH,PESCI
545,126,FRANCES,TOMEI
939,196,BELA,WALKEN
919,100,SPENCER,DEPP
140,20,LUCILLE,TRACY
118,100,SPENCER,DEPP
774,107,GINA,DEGENERES
550,2,NICK,WAHLBERG
608,111,CAMERON,ZELLWEGER
784,41,JODIE,DEGENERES
623,125,ALBERT,NOLTE
322,170,MENA,HOPPER
988,54,PENELOPE,PINKETT
991,100,SPENCER,DEPP
104,82,WOODY,JOLIE
347,103,MATTHEW,LEIGH
965,185,MICHAEL,BOLGER
862,29,ALEC,WAYNE
90,144,ANGELA,WITHERSPOON
926,48,FRANCES,DAY-LEWIS
491,122,SALMA,NOLTE
406,157,GRETA,MALDEN
423,60,HENRY,BERRY
946,59,DUSTIN,TAUTOU
497,21,KIRSTEN,PALTROW
89,81,SCARLETT,DAMON
689,39,GOLDIE,BRODY
334,102,WALTER,TORN
966,184,HUMPHREY,GARLAND
185,191,GREGORY,GOODING
268,137,MORGAN,WILLIAMS
354,127,KEVIN,GARLAND
431,39,GOLDIE,BRODY
993,33,MILLA,PECK
726,58,CHRISTIAN,AKROYD
892,139,EWAN,GOODING
207,80,RALPH,CRUZ
993,51,GARY,PHOENIX
622,109,SYLVESTER,DERN
41,135,RITA,REYNOLDS
721,108,WARREN,NOLTE
627,138,LUCILLE,DEE
502,15,CUBA,OLIVIER
516,38,TOM,MCKELLEN
817,112,RUSSELL,BACALL
423,117,RENEE,TRACY
226,29,ALEC,WAYNE
506,115,HARRISON,BALE
722,174,MICHAEL,BENING
322,188,ROCK,DUKAKIS
102,158,VIVIEN,BASINGER
606,25,KEVIN,BLOOM
831,107,GINA,DEGENERES
936,8,MATTHEW,JOHANSSON
537,14,VIVIEN,BERGEN
729,49,ANNE,CRONYN
631,83,BEN,WILLIS
603,143,RIVER,DEAN
396,68,RIP,WINSLET
491,173,ALAN,DREYFUSS
34,157,GRETA,MALDEN
728,92,KIRSTEN,AKROYD
618,3,ED,CHASE
345,172,GROUCHO,WILLIAMS
652,20,LUCILLE,TRACY
969,113,MORGAN,HOPKINS
364,197,REESE,WEST
35,118,CUBA,ALLEN
920,39,GOLDIE,BRODY
145,134,GENE,HOPKINS
806,132,ADAM,HOPPER
177,97,MEG,HAWKE
248,152,BEN,HARRIS
607,141,CATE,HARRIS
677,182,DEBBIE,AKROYD
671,187,RENEE,BALL
687,106,GROUCHO,DUNST
978,99,JIM,MOSTEL
747,74,MILLA,KEITEL
243,50,NATALIE,HOPKINS
179,60,HENRY,BERRY
589,20,LUCILLE,TRACY
737,57,JUDE,CRUISE
890,155,IAN,TANDY
94,150,JAYNE,NOLTE
637,107,GINA,DEGENERES
235,58,CHRISTIAN,AKROYD
787,82,WOODY,JOLIE
175,58,CHRISTIAN,AKROYD
352,194,MERYL,ALLEN
429,21,KIRSTEN,PALTROW
950,73,GARY,PENN
834,129,DARYL,CRAWFORD
815,39,GOLDIE,BRODY
128,116,DAN,STREEP
909,93,ELLEN,PRESLEY
109,178,LISA,MONROE
781,195,JAYNE,SILVERSTONE
483,158,VIVIEN,BASINGER
561,82,WOODY,JOLIE
604,181,MATTHEW,CARREY
381,92,KIRSTEN,AKROYD
549,171,OLYMPIA,PFEIFFER
514,146,ALBERT,JOHANSSON
518,156,FAY,WOOD
819,192,JOHN,SUVARI
421,56,DAN,HARRIS
777,83,BEN,WILLIS
577,123,JULIANNE,DENCH
596,175,WILLIAM,HACKMAN
721,4,JENNIFER,DAVIS
551,95,DARYL,WAHLBERG
484,45,REESE,KILMER
956,177,GENE,MCKELLEN
155,175,WILLIAM,HACKMAN
674,152,BEN,HARRIS
293,144,ANGELA,WITHERSPOON
64,196,BELA,WALKEN
966,155,IAN,TANDY
17,160,CHRIS,DEPP
418,22,ELVIS,MARX
896,134,GENE,HOPKINS
450,125,ALBERT,NOLTE
171,5,JOHNNY,LOLLOBRIGIDA
133,60,HENRY,BERRY
897,132,ADAM,HOPPER
816,13,UMA,WOOD
885,109,SYLVESTER,DERN
691,4,JENNIFER,DAVIS
228,186,JULIA,ZELLWEGER
376,52,CARMEN,HUNT
343,77,CARY,MCCONAUGHEY
752,86,GREG,CHAPLIN
738,35,JUDY,DEAN
205,102,WALTER,TORN
707,35,JUDY,DEAN
597,129,DARYL,CRAWFORD
56,4,JENNIFER,DAVIS
457,106,GROUCHO,DUNST
818,159,LAURA,BRODY
399,118,CUBA,ALLEN
606,102,WALTER,TORN
566,179,ED,GUINESS
243,20,LUCILLE,TRACY
678,41,JODIE,DEGENERES
57,67,JESSICA,BAILEY
930,130,GRETA,KEITEL
469,64,RAY,JOHANSSON
718,13,UMA,WOOD
548,86,GREG,CHAPLIN
310,190,AUDREY,BAILEY
448,164,HUMPHREY,WILLIS
616,135,RITA,REYNOLDS
179,192,JOHN,SUVARI
653,116,DAN,STREEP
451,6,BETTE,NICHOLSON
717,57,JUDE,CRUISE
832,164,HUMPHREY,WILLIS
266,139,EWAN,GOODING
703,137,MORGAN,WILLIAMS
420,44,NICK,STALLONE
234,76,ANGELINA,ASTAIRE
695,118,CUBA,ALLEN
939,119,WARREN,JACKMAN
130,195,JAYNE,SILVERSTONE
800,17,HELEN,VOIGHT
758,198,MARY,KEITEL
824,180,JEFF,SILVERSTONE
92,85,MINNIE,ZELLWEGER
339,149,RUSSELL,TEMPLE
212,89,CHARLIZE,DENCH
306,150,JAYNE,NOLTE
120,161,HARVEY,HOPE
423,49,ANNE,CRONYN
865,72,SEAN,WILLIAMS
386,68,RIP,WINSLET
920,129,DARYL,CRAWFORD
417,14,VIVIEN,BERGEN
808,86,GREG,CHAPLIN
85,5,JOHNNY,LOLLOBRIGIDA
622,99,JIM,MOSTEL
273,178,LISA,MONROE
236,15,CUBA,OLIVIER
127,187,RENEE,BALL
973,185,MICHAEL,BOLGER
798,131,JANE,JACKMAN
194,178,LISA,MONROE
827,191,GREGORY,GOODING
36,96,GENE,WILLIS
78,169,KENNETH,HOFFMAN
433,11,ZERO,CAGE
286,5,JOHNNY,LOLLOBRIGIDA
909,141,CATE,HARRIS
804,23,SANDRA,KILMER
868,181,MATTHEW,CARREY
930,55,FAY,KILMER
321,18,DAN,TORN
85,162,OPRAH,KILMER
869,85,MINNIE,ZELLWEGER
549,190,AUDREY,BAILEY
580,184,HUMPHREY,GARLAND
360,185,MICHAEL,BOLGER
483,178,LISA,MONROE
708,147,FAY,WINSLET
141,143,RIVER,DEAN
953,199,JULIA,FAWCETT
622,116,DAN,STREEP
379,108,WARREN,NOLTE
195,180,JEFF,SILVERSTONE
659,162,OPRAH,KILMER
154,13,UMA,WOOD
61,166,NICK,DEGENERES
138,107,GINA,DEGENERES
933,173,ALAN,DREYFUSS
490,99,JIM,MOSTEL
690,134,GENE,HOPKINS
881,106,GROUCHO,DUNST
564,92,KIRSTEN,AKROYD
551,28,WOODY,HOFFMAN
596,41,JODIE,DEGENERES
427,32,TIM,HACKMAN
555,111,CAMERON,ZELLWEGER
976,187,RENEE,BALL
641,118,CUBA,ALLEN
34,26,RIP,CRAWFORD
379,187,RENEE,BALL
495,14,VIVIEN,BERGEN
640,72,SEAN,WILLIAMS
604,76,ANGELINA,ASTAIRE
245,25,KEVIN,BLOOM
751,177,GENE,MCKELLEN
362,80,RALPH,CRUZ
39,145,KIM,ALLEN
906,143,RIVER,DEAN
30,178,LISA,MONROE
664,187,RENEE,BALL
431,102,WALTER,TORN
811,5,JOHNNY,LOLLOBRIGIDA
313,183,RUSSELL,CLOSE
289,124,SCARLETT,BENING
783,60,HENRY,BERRY
383,56,DAN,HARRIS
447,91,CHRISTOPHER,BERRY
979,197,REESE,WEST
652,133,RICHARD,PENN
286,72,SEAN,WILLIAMS
463,46,PARKER,GOLDBERG
958,200,THORA,TEMPLE
486,184,HUMPHREY,GARLAND
122,157,GRETA,MALDEN
317,57,JUDE,CRUISE
561,108,WARREN,NOLTE
838,30,SANDRA,PECK
406,198,MARY,KEITEL
997,37,VAL,BOLGER
615,35,JUDY,DEAN
119,127,KEVIN,GARLAND
654,106,GROUCHO,DUNST
384,146,ALBERT,JOHANSSON
208,63,CAMERON,WRAY
258,197,REESE,WEST
728,56,DAN,HARRIS
114,57,JUDE,CRUISE
711,192,JOHN,SUVARI
362,175,WILLIAM,HACKMAN
593,27,JULIA,MCQUEEN
451,151,GEOFFREY,HESTON
536,23,SANDRA,KILMER
833,165,AL,GARLAND
187,14,VIVIEN,BERGEN
98,111,CAMERON,ZELLWEGER
363,90,SEAN,GUINESS
979,80,RALPH,CRUZ
703,61,CHRISTIAN,NEESON
894,158,VIVIEN,BASINGER
774,128,CATE,MCQUEEN
536,14,VIVIEN,BERGEN
34,57,JUDE,CRUISE
492,75,BURT,POSEY
80,173,ALAN,DREYFUSS
268,53,MENA,TEMPLE
518,185,MICHAEL,BOLGER
809,180,JEFF,SILVERSTONE
654,121,LIZA,BERGMAN
875,85,MINNIE,ZELLWEGER
927,168,WILL,WILSON
828,175,WILLIAM,HACKMAN
25,7,GRACE,MOSTEL
60,76,ANGELINA,ASTAIRE
612,14,VIVIEN,BERGEN
420,25,KEVIN,BLOOM
996,27,JULIA,MCQUEEN
60,41,JODIE,DEGENERES
277,1,PENELOPE,GUINESS
153,25,KEVIN,BLOOM
599,48,FRANCES,DAY-LEWIS
963,77,CARY,MCCONAUGHEY
413,62,JAYNE,NEESON
930,97,MEG,HAWKE
656,97,MEG,HAWKE
586,132,ADAM,HOPPER
368,31,SISSY,SOBIESKI
452,129,DARYL,CRAWFORD
61,138,LUCILLE,DEE
653,161,HARVEY,HOPE
303,198,MARY,KEITEL
632,50,NATALIE,HOPKINS
67,194,MERYL,ALLEN
778,96,GENE,WILLIS
635,196,BELA,WALKEN
511,91,CHRISTOPHER,BERRY
665,140,WHOOPI,HURT
856,112,RUSSELL,BACALL
406,62,JAYNE,NEESON
667,75,BURT,POSEY
20,139,EWAN,GOODING
305,41,JODIE,DEGENERES
440,154,MERYL,GIBSON
105,116,DAN,STREEP
877,19,BOB,FAWCETT
919,185,MICHAEL,BOLGER
748,73,GARY,PENN
417,187,RENEE,BALL
306,166,NICK,DEGENERES
400,12,KARL,BERRY
492,116,DAN,STREEP
945,63,CAMERON,WRAY
463,45,REESE,KILMER
312,84,JAMES,PITT
869,130,GRETA,KEITEL
686,136,ED,MANSFIELD
508,28,WOODY,HOFFMAN
333,42,TOM,MIRANDA
295,59,DUSTIN,TAUTOU
882,133,RICHARD,PENN
619,38,TOM,MCKELLEN
725,98,CHRIS,BRIDGES
297,85,MINNIE,ZELLWEGER
560,189,CUBA,BIRCH
318,152,BEN,HARRIS
223,123,JULIANNE,DENCH
374,90,SEAN,GUINESS
126,53,MENA,TEMPLE
622,192,JOHN,SUVARI
832,96,GENE,WILLIS
197,55,FAY,KILMER
861,67,JESSICA,BAILEY
391,86,GREG,CHAPLIN
434,44,NICK,STALLONE
983,186,JULIA,ZELLWEGER
961,110,SUSAN,DAVIS
72,167,LAURENCE,BULLOCK
197,97,MEG,HAWKE
784,116,DAN,STREEP
370,97,MEG,HAWKE
970,14,VIVIEN,BERGEN
757,48,FRANCES,DAY-LEWIS
981,130,GRETA,KEITEL
726,177,GENE,MCKELLEN
55,177,GENE,MCKELLEN
484,74,MILLA,KEITEL
589,35,JUDY,DEAN
400,49,ANNE,CRONYN
446,85,MINNIE,ZELLWEGER
89,15,CUBA,OLIVIER
479,123,JULIANNE,DENCH
359,27,JULIA,MCQUEEN
917,137,MORGAN,WILLIAMS
239,105,SIDNEY,CROWE
797,30,SANDRA,PECK
283,66,MARY,TANDY
303,86,GREG,CHAPLIN
280,16,FRED,COSTNER
673,108,WARREN,NOLTE
878,143,RIVER,DEAN
952,115,HARRISON,BALE
951,52,CARMEN,HUNT
694,33,MILLA,PECK
42,194,MERYL,ALLEN
149,148,EMILY,DEE
60,94,KENNETH,TORN
93,26,RIP,CRAWFORD
372,146,ALBERT,JOHANSSON
522,10,CHRISTIAN,GABLE
734,98,CHRIS,BRIDGES
979,102,WALTER,TORN
538,25,KEVIN,BLOOM
304,70,MICHELLE,MCCONAUGHEY
540,84,JAMES,PITT
679,60,HENRY,BERRY
473,79,MAE,HOFFMAN
998,13,UMA,WOOD
351,102,WALTER,TORN
339,93,ELLEN,PRESLEY
224,117,RENEE,TRACY
184,170,MENA,HOPPER
311,188,ROCK,DUKAKIS
504,142,JADA,RYDER
746,197,REESE,WEST
361,125,ALBERT,NOLTE
429,123,JULIANNE,DENCH
464,198,MARY,KEITEL
971,34,AUDREY,OLIVIER
208,12,KARL,BERRY
677,192,JOHN,SUVARI
693,119,WARREN,JACKMAN
687,143,RIVER,DEAN
591,50,NATALIE,HOPKINS
8,110,SUSAN,DAVIS
221,16,FRED,COSTNER
132,134,GENE,HOPKINS
146,5,JOHNNY,LOLLOBRIGIDA
479,84,JAMES,PITT
971,3,ED,CHASE
23,22,ELVIS,MARX
749,161,HARVEY,HOPE
869,158,VIVIEN,BASINGER
321,157,GRETA,MALDEN
807,91,CHRISTOPHER,BERRY
340,5,JOHNNY,LOLLOBRIGIDA
193,126,FRANCES,TOMEI
760,76,ANGELINA,ASTAIRE
748,145,KIM,ALLEN
51,73,GARY,PENN
938,72,SEAN,WILLIAMS
165,6,BETTE,NICHOLSON
198,156,FAY,WOOD
173,119,WARREN,JACKMAN
911,82,WOODY,JOLIE
243,134,GENE,HOPKINS
732,111,CAMERON,ZELLWEGER
960,66,MARY,TANDY
731,22,ELVIS,MARX
383,5,JOHNNY,LOLLOBRIGIDA
967,27,JULIA,MCQUEEN
880,161,HARVEY,HOPE
263,156,FAY,WOOD
10,142,JADA,RYDER
199,24,CAMERON,STREEP
668,144,ANGELA,WITHERSPOON
688,137,MORGAN,WILLIAMS
626,74,MILLA,KEITEL
506,64,RAY,JOHANSSON
451,174,MICHAEL,BENING
457,17,HELEN,VOIGHT
607,152,BEN,HARRIS
315,68,RIP,WINSLET
158,122,SALMA,NOLTE
739,31,SISSY,SOBIESKI
592,130,GRETA,KEITEL
148,123,JULIANNE,DENCH
546,181,MATTHEW,CARREY
433,150,JAYNE,NOLTE
732,35,JUDY,DEAN
347,126,FRANCES,TOMEI
76,88,KENNETH,PESCI
137,108,WARREN,NOLTE
262,136,ED,MANSFIELD
17,3,ED,CHASE
332,152,BEN,HARRIS
516,128,CATE,MCQUEEN
607,165,AL,GARLAND
702,59,DUSTIN,TAUTOU
9,22,ELVIS,MARX
854,150,JAYNE,NOLTE
924,50,NATALIE,HOPKINS
611,152,BEN,HARRIS
619,28,WOODY,HOFFMAN
529,90,SEAN,GUINESS
157,138,LUCILLE,DEE
921,113,MORGAN,HOPKINS
308,31,SISSY,SOBIESKI
292,54,PENELOPE,PINKETT
675,106,GROUCHO,DUNST
648,108,WARREN,NOLTE
345,16,FRED,COSTNER
83,24,CAMERON,STREEP
326,157,GRETA,MALDEN
284,196,BELA,WALKEN
474,111,CAMERON,ZELLWEGER
315,105,SIDNEY,CROWE
118,103,MATTHEW,LEIGH
787,184,HUMPHREY,GARLAND
512,189,CUBA,BIRCH
310,147,FAY,WINSLET
688,62,JAYNE,NEESON
517,6,BETTE,NICHOLSON
175,80,RALPH,CRUZ
91,12,KARL,BERRY
942,103,MATTHEW,LEIGH
431,32,TIM,HACKMAN
144,195,JAYNE,SILVERSTONE
544,102,WALTER,TORN
188,161,HARVEY,HOPE
564,26,RIP,CRAWFORD
414,125,ALBERT,NOLTE
784,199,JULIA,FAWCETT
75,150,JAYNE,NOLTE
194,102,WALTER,TORN
767,160,CHRIS,DEPP
717,16,FRED,COSTNER
612,69,KENNETH,PALTROW
566,77,CARY,MCCONAUGHEY
696,39,GOLDIE,BRODY
790,28,WOODY,HOFFMAN
827,176,JON,CHASE
623,190,AUDREY,BAILEY
829,91,CHRISTOPHER,BERRY
531,20,LUCILLE,TRACY
788,94,KENNETH,TORN
338,125,ALBERT,NOLTE
158,105,SIDNEY,CROWE
748,113,MORGAN,HOPKINS
876,38,TOM,MCKELLEN
413,182,DEBBIE,AKROYD
446,138,LUCILLE,DEE
561,97,MEG,HAWKE
610,174,MICHAEL,BENING
383,41,JODIE,DEGENERES
336,168,WILL,WILSON
348,49,ANNE,CRONYN
573,176,JON,CHASE
327,50,NATALIE,HOPKINS
62,110,SUSAN,DAVIS
731,46,PARKER,GOLDBERG
338,121,LIZA,BERGMAN
749,59,DUSTIN,TAUTOU
193,179,ED,GUINESS
964,9,JOE,SWANK
656,113,MORGAN,HOPKINS
568,92,KIRSTEN,AKROYD
106,124,SCARLETT,BENING
826,23,SANDRA,KILMER
858,191,GREGORY,GOODING
835,28,WOODY,HOFFMAN
321,30,SANDRA,PECK
903,9,JOE,SWANK
742,140,WHOOPI,HURT
574,28,WOODY,HOFFMAN
782,23,SANDRA,KILMER
317,126,FRANCES,TOMEI
128,40,JOHNNY,CAGE
726,145,KIM,ALLEN
669,111,CAMERON,ZELLWEGER
508,45,REESE,KILMER
21,105,SIDNEY,CROWE
765,76,ANGELINA,ASTAIRE
343,159,LAURA,BRODY
543,92,KIRSTEN,AKROYD
273,44,NICK,STALLONE
686,83,BEN,WILLIS
385,90,SEAN,GUINESS
875,44,NICK,STALLONE
911,181,MATTHEW,CARREY
620,136,ED,MANSFIELD
486,55,FAY,KILMER
867,166,NICK,DEGENERES
874,181,MATTHEW,CARREY
843,84,JAMES,PITT
416,130,GRETA,KEITEL
509,6,BETTE,NICHOLSON
553,80,RALPH,CRUZ
952,44,NICK,STALLONE
503,74,MILLA,KEITEL
285,103,MATTHEW,LEIGH
647,140,WHOOPI,HURT
743,28,WOODY,HOFFMAN
178,50,NATALIE,HOPKINS
458,38,TOM,MCKELLEN
629,150,JAYNE,NOLTE
289,188,ROCK,DUKAKIS
220,155,IAN,TANDY
460,58,CHRISTIAN,AKROYD
589,84,JAMES,PITT
539,3,ED,CHASE
96,137,MORGAN,WILLIAMS
886,170,MENA,HOPPER
424,66,MARY,TANDY
838,113,MORGAN,HOPKINS
46,65,ANGELA,HUDSON
206,150,JAYNE,NOLTE
538,77,CARY,MCCONAUGHEY
474,52,CARMEN,HUNT
757,155,IAN,TANDY
938,40,JOHNNY,CAGE
728,97,MEG,HAWKE
493,34,AUDREY,OLIVIER
485,143,RIVER,DEAN
503,82,WOODY,JOLIE
860,64,RAY,JOHANSSON
33,170,MENA,HOPPER
771,19,BOB,FAWCETT
256,126,FRANCES,TOMEI
412,188,ROCK,DUKAKIS
956,72,SEAN,WILLIAMS
659,165,AL,GARLAND
957,50,NATALIE,HOPKINS
999,104,PENELOPE,CRONYN
957,147,FAY,WINSLET
680,143,RIVER,DEAN
243,58,CHRISTIAN,AKROYD
802,119,WARREN,JACKMAN
760,86,GREG,CHAPLIN
321,2,NICK,WAHLBERG
388,183,RUSSELL,CLOSE
566,106,GROUCHO,DUNST
15,105,SIDNEY,CROWE
767,78,GROUCHO,SINATRA
801,164,HUMPHREY,WILLIS
139,42,TOM,MIRANDA
925,170,MENA,HOPPER
788,80,RALPH,CRUZ
893,105,SIDNEY,CROWE
817,90,SEAN,GUINESS
172,27,JULIA,MCQUEEN
625,110,SUSAN,DAVIS
188,31,SISSY,SOBIESKI
719,83,BEN,WILLIS
839,88,KENNETH,PESCI
78,77,CARY,MCCONAUGHEY
869,180,JEFF,SILVERSTONE
603,111,CAMERON,ZELLWEGER
714,166,NICK,DEGENERES
311,181,MATTHEW,CARREY
649,147,FAY,WINSLET
359,43,KIRK,JOVOVICH
470,192,JOHN,SUVARI
535,61,CHRISTIAN,NEESON
711,85,MINNIE,ZELLWEGER
88,21,KIRSTEN,PALTROW
244,34,AUDREY,OLIVIER
974,51,GARY,PHOENIX
926,123,JULIANNE,DENCH
815,169,KENNETH,HOFFMAN
256,67,JESSICA,BAILEY
725,67,JESSICA,BAILEY
606,32,TIM,HACKMAN
43,160,CHRIS,DEPP
603,112,RUSSELL,BACALL
655,101,SUSAN,DAVIS
953,127,KEVIN,GARLAND
122,196,BELA,WALKEN
572,59,DUSTIN,TAUTOU
844,56,DAN,HARRIS
318,30,SANDRA,PECK
485,128,CATE,MCQUEEN
895,8,MATTHEW,JOHANSSON
877,125,ALBERT,NOLTE
671,115,HARRISON,BALE
85,126,FRANCES,TOMEI
834,164,HUMPHREY,WILLIS
195,8,MATTHEW,JOHANSSON
361,66,MARY,TANDY
548,189,CUBA,BIRCH
458,177,GENE,MCKELLEN
654,70,MICHELLE,MCCONAUGHEY
341,80,RALPH,CRUZ
301,156,FAY,WOOD
129,54,PENELOPE,PINKETT
437,103,MATTHEW,LEIGH
398,81,SCARLETT,DAMON
921,173,ALAN,DREYFUSS
519,168,WILL,WILSON
670,47,JULIA,BARRYMORE
441,176,JON,CHASE
303,157,GRETA,MALDEN
701,171,OLYMPIA,PFEIFFER
870,87,SPENCER,PECK
613,164,HUMPHREY,WILLIS
47,95,DARYL,WAHLBERG
985,15,CUBA,OLIVIER
403,113,MORGAN,HOPKINS
361,166,NICK,DEGENERES
732,5,JOHNNY,LOLLOBRIGIDA
775,22,ELVIS,MARX
432,199,JULIA,FAWCETT
670,140,WHOOPI,HURT
6,197,REESE,WEST
411,190,AUDREY,BAILEY
160,38,TOM,MCKELLEN
733,21,KIRSTEN,PALTROW
854,72,SEAN,WILLIAMS
552,78,GROUCHO,SINATRA
506,48,FRANCES,DAY-LEWIS
680,80,RALPH,CRUZ
769,79,MAE,HOFFMAN
895,51,GARY,PHOENIX
953,144,ANGELA,WITHERSPOON
832,4,JENNIFER,DAVIS
459,155,IAN,TANDY
398,65,ANGELA,HUDSON
980,101,SUSAN,DAVIS
826,168,WILL,WILSON
472,14,VIVIEN,BERGEN
58,53,MENA,TEMPLE
576,67,JESSICA,BAILEY
857,86,GREG,CHAPLIN
432,131,JANE,JACKMAN
48,87,SPENCER,PECK
469,126,FRANCES,TOMEI
563,147,FAY,WINSLET
30,9,JOE,SWANK
752,8,MATTHEW,JOHANSSON
650,59,DUSTIN,TAUTOU
793,38,TOM,MCKELLEN
709,55,FAY,KILMER
111,3,ED,CHASE
141,121,LIZA,BERGMAN
977,107,GINA,DEGENERES
799,158,VIVIEN,BASINGER
131,29,ALEC,WAYNE
813,95,DARYL,WAHLBERG
320,135,RITA,REYNOLDS
43,28,WOODY,HOFFMAN
573,157,GRETA,MALDEN
163,86,GREG,CHAPLIN
692,103,MATTHEW,LEIGH
350,66,MARY,TANDY
117,146,ALBERT,JOHANSSON
537,170,MENA,HOPPER
39,177,GENE,MCKELLEN
886,199,JULIA,FAWCETT
817,15,CUBA,OLIVIER
289,3,ED,CHASE
17,100,SPENCER,DEPP
871,198,MARY,KEITEL
357,2,NICK,WAHLBERG
553,135,RITA,REYNOLDS
672,83,BEN,WILLIS
543,74,MILLA,KEITEL
721,98,CHRIS,BRIDGES
461,191,GREGORY,GOODING
666,73,GARY,PENN
428,48,FRANCES,DAY-LEWIS
747,68,RIP,WINSLET
594,15,CUBA,OLIVIER
491,101,SUSAN,DAVIS
383,115,HARRISON,BALE
267,160,CHRIS,DEPP
267,57,JUDE,CRUISE
18,142,JADA,RYDER
201,17,HELEN,VOIGHT
170,75,BURT,POSEY
967,16,FRED,COSTNER
52,35,JUDY,DEAN
718,122,SALMA,NOLTE
243,145,KIM,ALLEN
793,28,WOODY,HOFFMAN
850,11,ZERO,CAGE
662,37,VAL,BOLGER
769,8,MATTHEW,JOHANSSON
777,111,CAMERON,ZELLWEGER
653,24,CAMERON,STREEP
988,101,SUSAN,DAVIS
275,94,KENNETH,TORN
445,15,CUBA,OLIVIER
575,142,JADA,RYDER
872,171,OLYMPIA,PFEIFFER
956,103,MATTHEW,LEIGH
508,150,JAYNE,NOLTE
818,185,MICHAEL,BOLGER
7,185,MICHAEL,BOLGER
250,179,ED,GUINESS
216,12,KARL,BERRY
602,139,EWAN,GOODING
522,13,UMA,WOOD
599,144,ANGELA,WITHERSPOON
615,152,BEN,HARRIS
509,91,CHRISTOPHER,BERRY
733,178,LISA,MONROE
842,154,MERYL,GIBSON
652,168,WILL,WILSON
431,31,SISSY,SOBIESKI
427,13,UMA,WOOD
692,6,BETTE,NICHOLSON
888,11,ZERO,CAGE
320,96,GENE,WILLIS
325,111,CAMERON,ZELLWEGER
540,144,ANGELA,WITHERSPOON
945,12,KARL,BERRY
144,19,BOB,FAWCETT
532,71,ADAM,GRANT
228,94,KENNETH,TORN
576,140,WHOOPI,HURT
189,101,SUSAN,DAVIS
846,96,GENE,WILLIS
275,101,SUSAN,DAVIS
927,49,ANNE,CRONYN
187,159,LAURA,BRODY
130,144,ANGELA,WITHERSPOON
633,121,LIZA,BERGMAN
716,10,CHRISTIAN,GABLE
697,37,VAL,BOLGER
680,154,MERYL,GIBSON
680,159,LAURA,BRODY
955,109,SYLVESTER,DERN
769,197,REESE,WEST
377,132,ADAM,HOPPER
37,64,RAY,JOHANSSON
115,45,REESE,KILMER
999,142,JADA,RYDER
351,47,JULIA,BARRYMORE
566,188,ROCK,DUKAKIS
809,131,JANE,JACKMAN
288,5,JOHNNY,LOLLOBRIGIDA
95,186,JULIA,ZELLWEGER
616,4,JENNIFER,DAVIS
34,12,KARL,BERRY
827,177,GENE,MCKELLEN
603,107,GINA,DEGENERES
649,23,SANDRA,KILMER
815,100,SPENCER,DEPP
363,122,SALMA,NOLTE
53,47,JULIA,BARRYMORE
274,38,TOM,MCKELLEN
179,8,MATTHEW,JOHANSSON
842,142,JADA,RYDER
941,101,SUSAN,DAVIS
501,151,GEOFFREY,HESTON
194,81,SCARLETT,DAMON
146,178,LISA,MONROE
136,107,GINA,DEGENERES
342,148,EMILY,DEE
78,111,CAMERON,ZELLWEGER
375,165,AL,GARLAND
822,103,MATTHEW,LEIGH
283,36,BURT,DUKAKIS
965,65,ANGELA,HUDSON
155,192,JOHN,SUVARI
530,10,CHRISTIAN,GABLE
88,135,RITA,REYNOLDS
605,6,BETTE,NICHOLSON
417,58,CHRISTIAN,AKROYD
830,84,JAMES,PITT
577,53,MENA,TEMPLE
741,108,WARREN,NOLTE
929,10,CHRISTIAN,GABLE
188,82,WOODY,JOLIE
879,174,MICHAEL,BENING
121,16,FRED,COSTNER
978,101,SUSAN,DAVIS
901,7,GRACE,MOSTEL
959,168,WILL,WILSON
64,30,SANDRA,PECK
519,86,GREG,CHAPLIN
588,133,RICHARD,PENN
832,13,UMA,WOOD
144,67,JESSICA,BAILEY
315,48,FRANCES,DAY-LEWIS
639,138,LUCILLE,DEE
203,52,CARMEN,HUNT
19,27,JULIA,MCQUEEN
858,80,RALPH,CRUZ
955,98,CHRIS,BRIDGES
438,16,FRED,COSTNER
982,99,JIM,MOSTEL
49,115,HARRISON,BALE
865,42,TOM,MIRANDA
736,140,WHOOPI,HURT
894,106,GROUCHO,DUNST
537,45,REESE,KILMER
369,197,REESE,WEST
531,197,REESE,WEST
176,38,TOM,MCKELLEN
256,53,MENA,TEMPLE
915,66,MARY,TANDY
745,193,BURT,TEMPLE
293,158,VIVIEN,BASINGER
738,119,WARREN,JACKMAN
65,45,REESE,KILMER
525,113,MORGAN,HOPKINS
583,38,TOM,MCKELLEN
330,90,SEAN,GUINESS
340,55,FAY,KILMER
343,70,MICHELLE,MCCONAUGHEY
624,134,GENE,HOPKINS
107,28,WOODY,HOFFMAN
980,64,RAY,JOHANSSON
63,56,DAN,HARRIS
949,149,RUSSELL,TEMPLE
688,147,FAY,WINSLET
474,154,MERYL,GIBSON
680,111,CAMERON,ZELLWEGER
462,193,BURT,TEMPLE
52,115,HARRISON,BALE
133,29,ALEC,WAYNE
117,45,REESE,KILMER
47,89,CHARLIZE,DENCH
390,137,MORGAN,WILLIAMS
999,66,MARY,TANDY
162,176,JON,CHASE
712,4,JENNIFER,DAVIS
506,49,ANNE,CRONYN
581,158,VIVIEN,BASINGER
212,98,CHRIS,BRIDGES
155,16,FRED,COSTNER
619,95,DARYL,WAHLBERG
980,102,WALTER,TORN
640,199,JULIA,FAWCETT
737,47,JULIA,BARRYMORE
186,142,JADA,RYDER
380,68,RIP,WINSLET
19,37,VAL,BOLGER
238,128,CATE,MCQUEEN
403,111,CAMERON,ZELLWEGER
27,7,GRACE,MOSTEL
768,155,IAN,TANDY
293,39,GOLDIE,BRODY
668,182,DEBBIE,AKROYD
928,66,MARY,TANDY
573,17,HELEN,VOIGHT
732,30,SANDRA,PECK
952,133,RICHARD,PENN
750,19,BOB,FAWCETT
280,105,SIDNEY,CROWE
171,189,CUBA,BIRCH
474,56,DAN,HARRIS
273,117,RENEE,TRACY
162,89,CHARLIZE,DENCH
547,92,KIRSTEN,AKROYD
877,82,WOODY,JOLIE
421,87,SPENCER,PECK
87,98,CHRIS,BRIDGES
388,127,KEVIN,GARLAND
811,49,ANNE,CRONYN
543,176,JON,CHASE
802,31,SISSY,SOBIESKI
993,170,MENA,HOPPER
260,30,SANDRA,PECK
850,76,ANGELINA,ASTAIRE
515,52,CARMEN,HUNT
303,176,JON,CHASE
992,169,KENNETH,HOFFMAN
40,3,ED,CHASE
34,126,FRANCES,TOMEI
871,12,KARL,BERRY
40,96,GENE,WILLIS
509,1,PENELOPE,GUINESS
817,179,ED,GUINESS
262,90,SEAN,GUINESS
621,43,KIRK,JOVOVICH
768,152,BEN,HARRIS
145,2,NICK,WAHLBERG
53,30,SANDRA,PECK
780,74,MILLA,KEITEL
544,26,RIP,CRAWFORD
78,23,SANDRA,KILMER
141,127,KEVIN,GARLAND
879,158,VIVIEN,BASINGER
453,82,WOODY,JOLIE
709,49,ANNE,CRONYN
994,28,WOODY,HOFFMAN
669,161,HARVEY,HOPE
777,47,JULIA,BARRYMORE
453,93,ELLEN,PRESLEY
232,14,VIVIEN,BERGEN
161,43,KIRK,JOVOVICH
686,115,HARRISON,BALE
533,43,KIRK,JOVOVICH
537,61,CHRISTIAN,NEESON
293,145,KIM,ALLEN
826,160,CHRIS,DEPP
467,107,GINA,DEGENERES
809,63,CAMERON,WRAY
314,146,ALBERT,JOHANSSON
121,200,THORA,TEMPLE
292,107,GINA,DEGENERES
424,52,CARMEN,HUNT
361,143,RIVER,DEAN
769,66,MARY,TANDY
274,50,NATALIE,HOPKINS
423,196,BELA,WALKEN
639,106,GROUCHO,DUNST
606,76,ANGELINA,ASTAIRE
591,85,MINNIE,ZELLWEGER
718,100,SPENCER,DEPP
845,182,DEBBIE,AKROYD
345,106,GROUCHO,DUNST
958,108,WARREN,NOLTE
221,184,HUMPHREY,GARLAND
101,57,JUDE,CRUISE
553,58,CHRISTIAN,AKROYD
475,192,JOHN,SUVARI
461,85,MINNIE,ZELLWEGER
724,41,JODIE,DEGENERES
812,52,CARMEN,HUNT
84,54,PENELOPE,PINKETT
20,159,LAURA,BRODY
998,122,SALMA,NOLTE
912,76,ANGELINA,ASTAIRE
590,155,IAN,TANDY
574,107,GINA,DEGENERES
92,70,MICHELLE,MCCONAUGHEY
157,109,SYLVESTER,DERN
442,174,MICHAEL,BENING
561,180,JEFF,SILVERSTONE
691,23,SANDRA,KILMER
421,154,MERYL,GIBSON
832,64,RAY,JOHANSSON
834,70,MICHELLE,MCCONAUGHEY
109,193,BURT,TEMPLE
807,114,MORGAN,MCDORMAND
513,155,IAN,TANDY
20,136,ED,MANSFIELD
933,133,RICHARD,PENN
781,107,GINA,DEGENERES
441,3,ED,CHASE
184,54,PENELOPE,PINKETT
420,114,MORGAN,MCDORMAND
946,176,JON,CHASE
907,159,LAURA,BRODY
554,142,JADA,RYDER
243,197,REESE,WEST
25,91,CHRISTOPHER,BERRY
418,59,DUSTIN,TAUTOU
411,127,KEVIN,GARLAND
485,102,WALTER,TORN
413,84,JAMES,PITT
719,139,EWAN,GOODING
724,180,JEFF,SILVERSTONE
66,158,VIVIEN,BASINGER
299,60,HENRY,BERRY
634,151,GEOFFREY,HESTON
164,6,BETTE,NICHOLSON
868,90,SEAN,GUINESS
957,7,GRACE,MOSTEL
269,79,MAE,HOFFMAN
775,191,GREGORY,GOODING
541,192,JOHN,SUVARI
293,191,GREGORY,GOODING
714,4,JENNIFER,DAVIS
734,146,ALBERT,JOHANSSON
298,174,MICHAEL,BENING
430,107,GINA,DEGENERES
280,17,HELEN,VOIGHT
348,54,PENELOPE,PINKETT
688,173,ALAN,DREYFUSS
488,89,CHARLIZE,DENCH
194,98,CHRIS,BRIDGES
977,20,LUCILLE,TRACY
205,11,ZERO,CAGE
672,150,JAYNE,NOLTE
53,102,WALTER,TORN
69,30,SANDRA,PECK
596,52,CARMEN,HUNT
485,2,NICK,WAHLBERG
155,12,KARL,BERRY
117,65,ANGELA,HUDSON
896,158,VIVIEN,BASINGER
784,159,LAURA,BRODY
908,14,VIVIEN,BERGEN
588,179,ED,GUINESS
399,2,NICK,WAHLBERG
904,27,JULIA,MCQUEEN
267,81,SCARLETT,DAMON
262,198,MARY,KEITEL
276,196,BELA,WALKEN
255,8,MATTHEW,JOHANSSON
232,81,SCARLETT,DAMON
67,155,IAN,TANDY
5,103,MATTHEW,LEIGH
211,48,FRANCES,DAY-LEWIS
715,120,PENELOPE,MONROE
19,43,KIRK,JOVOVICH
12,37,VAL,BOLGER
58,28,WOODY,HOFFMAN
430,79,MAE,HOFFMAN
47,158,VIVIEN,BASINGER
415,194,MERYL,ALLEN
810,149,RUSSELL,TEMPLE
191,141,CATE,HARRIS
820,189,CUBA,BIRCH
267,79,MAE,HOFFMAN
950,34,AUDREY,OLIVIER
79,143,RIVER,DEAN
981,67,JESSICA,BAILEY
362,149,RUSSELL,TEMPLE
